year,month,extent
1979,1,15.41
1979,2,16.18
1979,3,16.34
1979,4,15.45
1979,5,13.86
1979,6,12.53
1979,7,10.31
1979,8,8.04
1979,9,7.05
1979,10,8.75
1979,11,10.94
1979,12,13.34
1980,1,14.86
1980,2,15.96
1980,3,16.04
1980,4,15.43
1980,5,13.79
1980,6,12.2
1980,7,10.1
1980,8,7.98
1980,9,7.67
1980,10,9.18
1980,11,11.38
1980,12,13.59
1981,1,14.91
1981,2,15.6
1981,3,15.63
1981,4,15.01
1981,5,13.8
1981,6,12.43
1981,7,10.27
1981,8,7.84
1981,9,7.14
1981,10,8.86
1981,11,10.93
1981,12,13.34
1982,1,15.18
1982,2,15.97
1982,3,16.04
1982,4,15.47
1982,5,13.97
1982,6,12.48
1982,7,10.37
1982,8,8.14
1982,9,7.3
1982,10,9.42
1982,11,11.63
1982,12,13.64
1983,1,14.94
1983,2,16.01
1983,3,16.09
1983,4,15.17
1983,5,13.49
1983,6,12.3
1983,7,10.57
1983,8,8.19
1983,9,7.39
1983,10,9.33
1983,11,11.46
1983,12,13.3
1984,1,14.47
1984,2,15.3
1984,3,15.58
1984,4,15.01
1984,5,13.58
1984,6,12.15
1984,7,9.98
1984,8,7.77
1984,9,6.81
1984,10,8.56
1984,11,10.84
1984,12,12.99
1985,1,14.72
1985,2,15.47
1985,3,15.89
1985,4,15.36
1985,5,14.07
1985,6,12.22
1985,7,9.74
1985,8,7.4
1985,9,6.7
1985,10,8.55
1985,11,11.02
1985,12,13.05
1986,1,14.89
1986,2,15.78
1986,3,15.91
1986,4,15.06
1986,5,13.38
1986,6,11.98
1986,7,10.15
1986,8,7.98
1986,9,7.41
1986,10,9.48
1986,11,11.45
1986,12,13.22
1987,1,14.97
1987,2,16.05
1987,3,15.82
1987,4,15.21
1987,5,13.74
1987,6,12.49
1987,7,10.33
1987,8,7.63
1987,9,7.28
1987,10,9.05
1987,11,11.22
1987,12,NA
1988,1,NA
1988,2,15.58
1988,3,15.96
1988,4,15.12
1988,5,13.56
1988,6,11.94
1988,7,9.81
1988,8,7.89
1988,9,7.37
1988,10,9.13
1988,11,11.33
1988,12,13.63
1989,1,14.95
1989,2,15.5
1989,3,15.42
1989,4,14.33
1989,5,13.04
1989,6,12.24
1989,7,10.13
1989,8,7.88
1989,9,7.01
1989,10,8.83
1989,11,11.12
1989,12,13.39
1990,1,14.78
1990,2,15.58
1990,3,15.87
1990,4,14.65
1990,5,13.23
1990,6,11.64
1990,7,9.25
1990,8,6.8
1990,9,6.14
1990,10,8.48
1990,11,11.08
1990,12,13.11
1991,1,14.36
1991,2,15.25
1991,3,15.42
1991,4,14.86
1991,5,13.47
1991,6,12.11
1991,7,9.51
1991,8,7.42
1991,9,6.47
1991,10,8.54
1991,11,10.88
1991,12,12.95
1992,1,14.64
1992,2,15.46
1992,3,15.48
1992,4,14.68
1992,5,13.22
1992,6,12.15
1992,7,10.32
1992,8,7.93
1992,9,7.47
1992,10,9.32
1992,11,11.38
1992,12,13.41
1993,1,14.9
1993,2,15.69
1993,3,15.81
1993,4,15.08
1993,5,13.37
1993,6,11.87
1993,7,9.48
1993,8,7.33
1993,9,6.4
1993,10,8.79
1993,11,11.32
1993,12,13.32
1994,1,14.73
1994,2,15.56
1994,3,15.55
1994,4,14.89
1994,5,13.62
1994,6,12.02
1994,7,9.93
1994,8,7.64
1994,9,7.14
1994,10,8.92
1994,11,11.12
1994,12,13.27
1995,1,14.59
1995,2,15.23
1995,3,15.26
1995,4,14.45
1995,5,12.97
1995,6,11.44
1995,7,8.99
1995,8,6.74
1995,9,6.08
1995,10,7.83
1995,11,10.76
1995,12,12.92
1996,1,14.18
1996,2,15.15
1996,3,15.12
1996,4,14.22
1996,5,13.09
1996,6,12.08
1996,7,10.16
1996,8,8.18
1996,9,7.58
1996,10,9.16
1996,11,10.4
1996,12,12.86
1997,1,14.42
1997,2,15.44
1997,3,15.47
1997,4,14.56
1997,5,13.18
1997,6,11.74
1997,7,9.41
1997,8,7.29
1997,9,6.69
1997,10,8.34
1997,11,10.68
1997,12,13.08
1998,1,14.72
1998,2,15.75
1998,3,15.6
1998,4,14.89
1998,5,13.59
1998,6,11.71
1998,7,9.42
1998,8,7.51
1998,9,6.54
1998,10,8.45
1998,11,10.44
1998,12,12.76
1999,1,14.36
1999,2,15.31
1999,3,15.4
1999,4,15.08
1999,5,13.75
1999,6,11.78
1999,7,9.49
1999,8,7.23
1999,9,6.12
1999,10,8.6
1999,11,10.8
1999,12,12.64
2000,1,14.22
2000,2,15.14
2000,3,15.22
2000,4,14.56
2000,5,13.15
2000,6,11.67
2000,7,9.51
2000,8,7.17
2000,9,6.25
2000,10,8.38
2000,11,10.32
2000,12,12.64
2001,1,14.2
2001,2,15.21
2001,3,15.52
2001,4,14.86
2001,5,13.51
2001,6,11.46
2001,7,9.07
2001,8,7.46
2001,9,6.73
2001,10,8.3
2001,11,10.66
2001,12,12.49
2002,1,14.27
2002,2,15.34
2002,3,15.35
2002,4,14.3
2002,5,12.97
2002,6,11.58
2002,7,9.27
2002,8,6.6
2002,9,5.83
2002,10,8.16
2002,11,10.34
2002,12,12.61
2003,1,14.39
2003,2,15.19
2003,3,15.48
2003,4,14.51
2003,5,13.02
2003,6,11.6
2003,7,9.21
2003,8,6.94
2003,9,6.12
2003,10,7.85
2003,11,10.13
2003,12,12.59
2004,1,14.03
2004,2,14.91
2004,3,14.99
2004,4,13.99
2004,5,12.56
2004,6,11.45
2004,7,9.43
2004,8,6.85
2004,9,5.98
2004,10,7.93
2004,11,10.34
2004,12,12.55
2005,1,13.66
2005,2,14.37
2005,3,14.69
2005,4,14.09
2005,5,12.91
2005,6,11.16
2005,7,8.65
2005,8,6.3
2005,9,5.5
2005,10,7.35
2005,11,10.22
2005,12,12.23
2006,1,13.47
2006,2,14.32
2006,3,14.42
2006,4,13.91
2006,5,12.52
2006,6,10.92
2006,7,8.46
2006,8,6.5
2006,9,5.86
2006,10,7.54
2006,11,9.66
2006,12,11.95
2007,1,13.7
2007,2,14.51
2007,3,14.54
2007,4,13.85
2007,5,12.78
2007,6,11.22
2007,7,7.94
2007,8,5.34
2007,9,4.27
2007,10,6.04
2007,11,9.76
2007,12,12.03
2008,1,13.89
2008,2,14.95
2008,3,15.18
2008,4,14.35
2008,5,12.97
2008,6,11.21
2008,7,8.68
2008,8,5.91
2008,9,4.69
2008,10,7.35
2008,11,10.34
2008,12,12.36
2009,1,13.91
2009,2,14.81
2009,3,14.98
2009,4,14.5
2009,5,13.19
2009,6,11.32
2009,7,8.47
2009,8,6.14
2009,9,5.26
2009,10,6.92
2009,11,9.77
2009,12,12.2
2010,1,13.74
2010,2,14.58
2010,3,15.14
2010,4,14.66
2010,5,12.87
2010,6,10.59
2010,7,8.07
2010,8,5.87
2010,9,4.87
2010,10,6.98
2010,11,9.61
2010,12,11.83
2011,1,13.46
2011,2,14.36
2011,3,14.55
2011,4,14.11
2011,5,12.68
2011,6,10.75
2011,7,7.72
2011,8,5.5
2011,9,4.56
2011,10,6.46
2011,11,9.77
2011,12,12.15
2012,1,13.73
2012,2,14.55
2012,3,15.2
2012,4,14.63
2012,5,13.01
2012,6,10.67
2012,7,7.67
2012,8,4.72
2012,9,3.57
2012,10,5.89
2012,11,9.39
2012,12,12.01
2013,1,13.7
2013,2,14.72
2013,3,15.03
2013,4,14.3
2013,5,13
2013,6,11.36
2013,7,8.13
2013,8,6.01
2013,9,5.21
2013,10,7.45
2013,11,9.94
2013,12,12.18
2014,1,13.65
2014,2,14.42
2014,3,14.76
2014,4,14.09
2014,5,12.7
2014,6,11.03
2014,7,8.11
2014,8,6.08
2014,9,5.22
2014,10,7.23
2014,11,10.11
2014,12,12.35
2015,1,13.6
2015,2,14.4
2015,3,14.37
2015,4,13.89
2015,5,12.47
2015,6,10.88
2015,7,8.38
2015,8,5.6
2015,9,4.62
2015,10,6.97
2015,11,9.85
2015,12,12.04
2016,1,13.46
2016,2,14.2
2016,3,14.4
2016,4,13.68
2016,5,11.92
2016,6,10.41
2016,7,7.94
2016,8,5.37
2016,9,4.53
2016,10,6.08
2016,11,8.66
2016,12,11.46
2017,1,13.19
2017,2,14.12
2017,3,14.29
2017,4,13.75
2017,5,12.63
2017,6,10.76
2017,7,7.94
2017,8,5.48
2017,9,4.82
2017,10,6.77
2017,11,9.49
2017,12,11.74
2018,1,13.08
2018,2,13.97
2018,3,14.3
2018,4,13.7
2018,5,12.23
2018,6,10.78
2018,7,8.27
2018,8,5.61
2018,9,4.79
2018,10,6.13
2018,11,9.82
2018,12,11.86
2019,1,13.57
2019,2,14.39
2019,3,14.57
2019,4,13.43
2019,5,12.19
2019,6,10.59
2019,7,7.59
2019,8,5.03
2019,9,4.36
2019,10,5.73
2019,11,9.35
2019,12,11.9
